text,label
The inflation company announced a stock split effective next month.,neutral
Operating margins compressed to 8% from 12% last year.,negative
Customer churn increased to 15% from 8% last quarter.,negative
The merger created significant synergies and cost savings.,positive
The company missed quarterly earnings expectations by 8%.,negative
The regulation company secured a major contract worth $50M annually.,positive
Revenue declined 5% year-over-year due to market headwinds.,negative
The company announced a stock split effective next month.,neutral
Operating margins expanded to 18% from 15% last quarter.,positive
Management raised full-year guidance due to robust demand.,positive
"Analyst coverage was unchanged with 5 buy, 3 hold ratings.",neutral
The balance sheet shows concerning debt levels.,negative
The company announced a stock split effective next month.,neutral
The IPO was oversubscribed by 3x indicating strong investor demand.,positive
"Revenue growth accelerated to 15% year-over-year, exceeding guidance.",positive
The company reported strong quarterly earnings that beat analyst expectations.,positive
Customer churn increased to 15% from 8% last quarter.,negative
The dividend company faces potential regulatory fines.,negative
Operating margins compressed to 8% from 12% last year.,negative
Customer acquisition costs decreased while retention improved.,positive
The IPO was oversubscribed by 3x indicating strong investor demand.,positive
The CEO resigned amid accounting irregularities.,negative
The company secured a major contract worth $50M annually.,positive
The CEO's strategic vision is driving impressive growth.,positive
The merger company maintains its investment grade credit rating.,neutral
The company reported strong quarterly earnings that beat analyst expectations.,positive
The IPO was oversubscribed by 3x indicating strong investor demand.,positive
The CEO's strategic vision is driving impressive growth.,positive
The company maintains its investment grade credit rating.,neutral
The stock surged 8% after the positive earnings announcement.,positive
Customer acquisition costs decreased while retention improved.,positive
The IPO was oversubscribed by 3x indicating strong investor demand.,positive
International expansion is showing promising early results.,positive
Management lowered full-year outlook citing economic uncertainty.,negative
Revenue was flat compared to the previous quarter.,neutral
"Analyst coverage was unchanged with 5 buy, 3 hold ratings.",neutral
The annual shareholder meeting will be held in May.,neutral
Operating margins expanded to 18% from 15% last quarter.,positive
Operating margins expanded to 18% from 15% last quarter.,positive
Operating margins compressed to 8% from 12% last year.,negative
International expansion is showing promising early results.,positive
Trading volume was average for the sector.,neutral
The quarterly results were in line with expectations.,neutral
The board of directors held its regular monthly meeting.,neutral
The balance sheet remains strong with low debt levels.,positive
Operating margins compressed to 8% from 12% last year.,negative
The IPO was oversubscribed by 3x indicating strong investor demand.,positive
Operating margins compressed to 8% from 12% last year.,negative
The quarterly results were in line with expectations.,neutral
The merger fell through due to regulatory concerns.,negative
The company maintains its investment grade credit rating.,neutral
The balance sheet remains strong with low debt levels.,positive
The board of directors held its regular monthly meeting.,neutral
The interest rates company faces potential regulatory fines.,negative
Management raised full-year guidance due to robust demand.,positive
The company filed its quarterly 10-Q report with the SEC.,neutral
International expansion is showing promising early results.,positive
The CEO resigned amid accounting irregularities.,negative
"Revenue growth accelerated to 15% year-over-year, exceeding guidance.",positive
The company faces potential regulatory fines.,negative
Customer churn increased to 15% from 8% last quarter.,negative
The company lost a major contract worth $30M annually.,negative
"Revenue growth accelerated to 15% year-over-year, exceeding guidance.",positive
The company maintained its quarterly dividend at $0.25 per share.,neutral
The balance sheet shows concerning debt levels.,negative
The CEO's strategic vision is driving impressive growth.,positive
The stock dropped 12% after the disappointing guidance.,negative
"Revenue growth accelerated to 15% year-over-year, exceeding guidance.",positive
The interest rates company maintains its investment grade credit rating.,neutral
Revenue was flat compared to the previous quarter.,neutral
Revenue was flat compared to the previous quarter.,neutral
The board of directors held its regular monthly meeting.,neutral
The dividend was cut by 20% to preserve cash.,negative
The dividend was cut by 20% to preserve cash.,negative
The stock surged 8% after the positive earnings announcement.,positive
The IPO was undersubscribed indicating weak investor demand.,negative
Management raised full-year guidance due to robust demand.,positive
Revenue declined 5% year-over-year due to market headwinds.,negative
Trading volume was average for the sector.,neutral
The stock surged 8% after the positive earnings announcement.,positive
Customer acquisition costs decreased while retention improved.,positive
Revenue was flat compared to the previous quarter.,neutral
The company announced a stock split effective next month.,neutral
The company secured a major contract worth $50M annually.,positive
The merger created significant synergies and cost savings.,positive
The company's market cap is approximately $2.5 billion.,neutral
Operating margins compressed to 8% from 12% last year.,negative
The company secured a major contract worth $50M annually.,positive
The company missed quarterly earnings expectations by 8%.,negative
The merger created significant synergies and cost savings.,positive
The balance sheet shows concerning debt levels.,negative
The company filed its quarterly 10-Q report with the SEC.,neutral
The dividend was cut by 20% to preserve cash.,negative
The stock dropped 12% after the disappointing guidance.,negative
The company secured a major contract worth $50M annually.,positive
Operating margins expanded to 18% from 15% last quarter.,positive
The recovery company lost a major contract worth $30M annually.,negative
The product recall will impact Q4 results significantly.,negative
Customer acquisition costs decreased while retention improved.,positive
The board of directors held its regular monthly meeting.,neutral
Trading volume was average for the sector.,neutral
The company secured a major contract worth $50M annually.,positive
The IPO was undersubscribed indicating weak investor demand.,negative
The merger created significant synergies and cost savings.,positive
Revenue declined 5% year-over-year due to market headwinds.,negative
International operations are underperforming expectations.,negative
The product recall will impact Q4 results significantly.,negative
The product recall will impact Q4 results significantly.,negative
The stock surged 8% after the positive earnings announcement.,positive
The upgrade company maintained its quarterly dividend at $0.25 per share.,neutral
Management raised full-year guidance due to robust demand.,positive
Management lowered full-year outlook citing economic uncertainty.,negative
The CEO resigned amid accounting irregularities.,negative
Management raised full-year guidance due to robust demand.,positive
The product recall will impact Q4 results significantly.,negative
Operating margins expanded to 18% from 15% last quarter.,positive
The product recall will impact Q4 results significantly.,negative
The annual shareholder meeting will be held in May.,neutral
The dividend was increased by 12% reflecting strong cash flow.,positive
The merger created significant synergies and cost savings.,positive
The company secured a major contract worth $50M annually.,positive
New product launch exceeded sales targets by 25%.,positive
The balance sheet shows concerning debt levels.,negative
"Revenue growth accelerated to 15% year-over-year, exceeding guidance.",positive
Management provided updated guidance for the next quarter.,neutral
The earnings call is scheduled for next Tuesday.,neutral
The product recall will impact Q4 results significantly.,negative
The stock dropped 12% after the disappointing guidance.,negative
The company's market cap is approximately $2.5 billion.,neutral
The merger fell through due to regulatory concerns.,negative
Customer churn increased to 15% from 8% last quarter.,negative
The annual shareholder meeting will be held in May.,neutral
Revenue declined 5% year-over-year due to market headwinds.,negative
Revenue declined 5% year-over-year due to market headwinds.,negative
"Analyst coverage was unchanged with 5 buy, 3 hold ratings.",neutral
"Analyst coverage was unchanged with 5 buy, 3 hold ratings.",neutral
The merger company's market cap is approximately $2.5 billion.,neutral
International expansion is showing promising early results.,positive
The IPO was oversubscribed by 3x indicating strong investor demand.,positive
The board of directors held its regular monthly meeting.,neutral
The balance sheet shows concerning debt levels.,negative
The dividend was increased by 12% reflecting strong cash flow.,positive
The IPO was undersubscribed indicating weak investor demand.,negative
The IPO company maintained its quarterly dividend at $0.25 per share.,neutral
International expansion is showing promising early results.,positive
"Analyst coverage was unchanged with 5 buy, 3 hold ratings.",neutral
The company maintained its quarterly dividend at $0.25 per share.,neutral
The IPO was oversubscribed by 3x indicating strong investor demand.,positive
The merger fell through due to regulatory concerns.,negative
International expansion is showing promising early results.,positive
The company maintains its investment grade credit rating.,neutral
The product recall will impact Q4 results significantly.,negative
The stock price remained relatively stable throughout the day.,neutral
"Analyst coverage was unchanged with 5 buy, 3 hold ratings.",neutral
The CEO resigned amid accounting irregularities.,negative
The company faces potential regulatory fines.,negative
The company maintained its quarterly dividend at $0.25 per share.,neutral
The balance sheet remains strong with low debt levels.,positive
New product launch exceeded sales targets by 25%.,positive
The company missed quarterly earnings expectations by 8%.,negative
The stock surged 8% after the positive earnings announcement.,positive
The merger fell through due to regulatory concerns.,negative
The stock dropped 12% after the disappointing guidance.,negative
Management provided updated guidance for the next quarter.,neutral
Customer churn increased to 15% from 8% last quarter.,negative
The company faces potential regulatory fines.,negative
"Analyst coverage was unchanged with 5 buy, 3 hold ratings.",neutral
The stock surged 8% after the positive earnings announcement.,positive
The CEO's strategic vision is driving impressive growth.,positive
Revenue was flat compared to the previous quarter.,neutral
The company maintains its investment grade credit rating.,neutral
The company's ESG initiatives are gaining investor recognition.,positive
The board of directors held its regular monthly meeting.,neutral
Revenue was flat compared to the previous quarter.,neutral
The company faces potential regulatory fines.,negative
The company maintained its quarterly dividend at $0.25 per share.,neutral
The company filed its quarterly 10-Q report with the SEC.,neutral
Management lowered full-year outlook citing economic uncertainty.,negative
Customer acquisition costs decreased while retention improved.,positive
Management lowered full-year outlook citing economic uncertainty.,negative
The CEO's strategic vision is driving impressive growth.,positive
The balance sheet shows concerning debt levels.,negative
The board of directors held its regular monthly meeting.,neutral
The Fed company maintained its quarterly dividend at $0.25 per share.,neutral
The company's market cap is approximately $2.5 billion.,neutral
Operating margins compressed to 8% from 12% last year.,negative
The dividend was cut by 20% to preserve cash.,negative
The CEO resigned amid accounting irregularities.,negative
Management raised full-year guidance due to robust demand.,positive
The guidance company announced a stock split effective next month.,neutral
The stock dropped 12% after the disappointing guidance.,negative
The company secured a major contract worth $50M annually.,positive
The dividend was increased by 12% reflecting strong cash flow.,positive
Customer acquisition costs decreased while retention improved.,positive
Revenue was flat compared to the previous quarter.,neutral
Customer churn increased to 15% from 8% last quarter.,negative
Revenue was flat compared to the previous quarter.,neutral
The IPO was oversubscribed by 3x indicating strong investor demand.,positive
"Analyst coverage was unchanged with 5 buy, 3 hold ratings.",neutral
The stock dropped 12% after the disappointing guidance.,negative
The dividend was increased by 12% reflecting strong cash flow.,positive
Management provided updated guidance for the next quarter.,neutral
The company maintains its investment grade credit rating.,neutral
Customer churn increased to 15% from 8% last quarter.,negative
The company missed quarterly earnings expectations by 8%.,negative
The stock surged 8% after the positive earnings announcement.,positive
The company lost a major contract worth $30M annually.,negative
The stock dropped 12% after the disappointing guidance.,negative
